time,seconds_elapsed,z,y,x
1772045481231034600,0.04003466796875,-0.1819051057100296,-0.30731773376464844,0.21866653859615326
1772045481241019400,0.050019287109375,-0.2094886153936386,-0.4137653410434723,0.13362492620944977
1772045481251005400,0.06000537109375,-0.23609493672847748,-0.4925727844238281,0.0592992901802063
1772045481260991200,0.0699912109375,-0.24876387417316437,-0.5368364453315735,0.008939974941313267
1772045481270976500,0.0799765625,-0.2402723878622055,-0.5333846807479858,-0.011569294147193432
1772045481280962600,0.089962646484375,-0.21581318974494934,-0.4895497262477875,-0.005958163179457188
1772045481290948400,0.0999482421875,-0.1778615415096283,-0.4343418478965759,0.007474555633962154
1772045481300933400,0.109933349609375,-0.1364399492740631,-0.39978423714637756,0.011062929406762123
1772045481310919400,0.11991943359375,-0.0951809212565422,-0.37310388684272766,-0.019016675651073456
1772045481320905500,0.129905517578125,-0.06432710587978363,-0.28379061818122864,-0.09737585484981537
1772045481330890500,0.139890380859375,-0.034877337515354156,-0.13562698662281036,-0.23275364935398102
1772045481340876300,0.149876220703125,0.02162579819560051,0.0264522023499012,-0.38795146346092224
1772045481350862600,0.159862548828125,0.11170482635498047,0.1701212227344513,-0.5330095291137695
1772045481360847400,0.169847412109375,0.22065219283103943,0.2632814347743988,-0.6322084665298462
1772045481370833400,0.17983349609375,0.3025380074977875,0.31209877133369446,-0.714047908782959
1772045481380819200,0.189819091796875,0.3248610198497772,0.31631171703338623,-0.7826595902442932
1772045481390804500,0.199804443359375,0.31997254490852356,0.29576942324638367,-0.8187781572341919
1772045481400790500,0.20979052734375,0.29078808426856995,0.28440406918525696,-0.8136931657791138
1772045481410776300,0.2197763671875,0.2549765706062317,0.2881082594394684,-0.7551766037940979
1772045481420761300,0.22976123046875,0.1838063895702362,0.28782445192337036,-0.6512832641601562
1772045481430747400,0.239747314453125,0.07381730526685715,0.3035426735877991,-0.5076528787612915
1772045481440733400,0.2497333984375,0.009108496829867363,0.2863340973854065,-0.3563898205757141
1772045481450718500,0.259718505859375,0.06142682582139969,0.24751214683055878,-0.21907539665699005
1772045481460704300,0.269704345703125,0.15040941536426544,0.20961157977581024,-0.08674478530883789
1772045481470690600,0.279690673828125,0.18229836225509644,0.1787756383419037,0.021517504006624222
1772045481480675600,0.289675537109375,0.21394117176532745,0.07241211086511612,0.09286916255950928
1772045481490661400,0.299661376953125,0.2517913579940796,-0.07511661946773529,0.1960810422897339
1772045481500647400,0.3096474609375,0.31117671728134155,-0.1467031091451645,0.3492957651615143
1772045481510632400,0.319632568359375,0.34652698040008545,-0.14613479375839233,0.49537840485572815
1772045481520618500,0.329618408203125,0.38489940762519836,-0.17480933666229248,0.5208005905151367
1772045481530604300,0.339604248046875,0.4422367215156555,-0.329059898853302,0.41879695653915405
1772045481540589300,0.34958935546875,0.4894108176231384,-0.46950745582580566,0.32954639196395874
1772045481550575600,0.35957568359375,0.487651526927948,-0.32444053888320923,0.2907150983810425
1772045481560561400,0.3695615234375,0.41903701424598694,-0.0935525968670845,0.30600598454475403
1772045481570546400,0.37954638671875,0.29349613189697266,-0.15334190428256989,0.4000549912452698
1772045481580532500,0.389532470703125,0.22266291081905365,-0.3147042393684387,0.4403661787509918
1772045481590518500,0.3995185546875,0.18254132568836212,-0.3014107942581177,0.40083208680152893
1772045481600503600,0.409503662109375,0.26060187816619873,-0.14136795699596405,0.3479364216327667
1772045481610489300,0.4194892578125,0.42537325620651245,0.09051107615232468,0.29857951402664185
1772045481620475600,0.4294755859375,0.6527900099754333,0.22047309577465057,0.3097286522388458
1772045481630460400,0.43946044921875,0.8880456686019897,0.11231733858585358,0.3389086425304413
1772045481640446500,0.449446533203125,1.1310756206512451,0.005925134755671024,0.28582000732421875
1772045481650432300,0.459432373046875,1.2952382564544678,0.026427481323480606,0.1279350370168686
1772045481660417500,0.46941748046875,1.2585523128509521,0.07521481812000275,-0.07041061669588089
1772045481670403600,0.479403564453125,1.1101138591766357,0.06942270696163177,-0.24950046837329865
1772045481680389400,0.489389404296875,0.7579222917556763,0.13669836521148682,-0.27953267097473145
1772045481690374400,0.49937451171875,0.3929498493671417,-0.15521390736103058,-0.23652583360671997
1772045481700360400,0.5093603515625,0.137831911444664,-0.5552718639373779,-0.13439896702766418
1772045481710346500,0.519346435546875,0.03374838829040527,-0.833597719669342,-0.06747853010892868
1772045481720331500,0.52933154296875,0.020251519978046417,-0.9017457365989685,-0.1082872748374939
1772045481730317300,0.5393173828125,0.01593106985092163,-0.6619719862937927,-0.258279949426651
1772045481740303600,0.5493037109375,-0.049034375697374344,-0.28437551856040955,-0.4762490689754486
1772045481750288400,0.559288330078125,-0.2160595804452896,0.07116290181875229,-0.6926082372665405
1772045481760274400,0.5692744140625,-0.4612081050872803,0.25170254707336426,-0.8385225534439087
1772045481770260200,0.57926025390625,-0.6917526125907898,0.2728951871395111,-0.8191267848014832
1772045481780245500,0.58924560546875,-0.8243348598480225,0.12551140785217285,-0.6388644576072693
1772045481790231600,0.5992314453125,-0.8388229608535767,-0.14146862924098969,-0.3512665033340454
1772045481800217300,0.60921728515625,-0.8569827675819397,-0.4658626616001129,-0.161313995718956
1772045481810202400,0.619202392578125,-0.8376075029373169,-0.7876353859901428,-0.10775329917669296
1772045481820188400,0.6291884765625,-0.7172801494598389,-0.8202125430107117,-0.05352757126092911
1772045481830174500,0.639174560546875,-0.652645468711853,-0.7479847073554993,-0.04937517270445824
1772045481840159500,0.649159423828125,-0.5994614958763123,-0.5455214977264404,-0.07673905789852142
1772045481850145300,0.659145263671875,-0.5506172776222229,-0.3062516748905182,-0.09356784075498581
1772045481860131600,0.669131591796875,-0.5286527276039124,-0.10226228088140488,-0.11831822991371155
1772045481870116400,0.679116455078125,-0.4998634457588196,0.05988800525665283,-0.14108586311340332
1772045481880102400,0.689102294921875,-0.4532090127468109,0.15874360501766205,-0.14773549139499664
1772045481890088200,0.699088134765625,-0.4075709581375122,0.17892104387283325,-0.11958187073469162
1772045481900073500,0.709073486328125,-0.37977591156959534,0.1606467217206955,-0.055351849645376205
1772045481910059500,0.7190595703125,-0.35609933733940125,0.11421503871679306,0.03951234370470047
1772045481920045300,0.72904541015625,-0.3325733542442322,0.06628313660621643,0.14293184876441956
1772045481930030300,0.7390302734375,-0.29764997959136963,0.07269176840782166,0.26241856813430786
1772045481940016400,0.749016357421875,-0.31040269136428833,0.15187503397464752,0.3789145052433014
1772045481950002400,0.75900244140625,-0.3508409261703491,0.24710968136787415,0.48605453968048096
1772045481959987500,0.768987548828125,-0.3889257609844208,0.34769266843795776,0.5809535980224609
1772045481969973200,0.77897314453125,-0.38765010237693787,0.4698353409767151,0.6829150915145874
1772045481979959600,0.78895947265625,-0.32091325521469116,0.6000139713287354,0.7671579718589783
1772045481989945300,0.7989453125,-0.2410202920436859,0.7321454286575317,0.8596130609512329
1772045481999930400,0.808930419921875,-0.19916358590126038,0.8204496502876282,0.9453413486480713
1772045482009916400,0.81891650390625,-0.2230987548828125,0.9022569060325623,1.0547595024108887
1772045482019902200,0.828902099609375,-0.2583969831466675,1.0148977041244507,1.1597840785980225
1772045482029887200,0.83888720703125,-0.2857644259929657,1.1099506616592407,1.199940800666809
1772045482039873000,0.848873046875,-0.2682972848415375,1.0805182456970215,1.1772634983062744
1772045482049859300,0.858859375,-0.135051891207695,0.8953875303268433,1.1821911334991455
1772045482059844400,0.86884423828125,-0.048865292221307755,0.6342167854309082,1.3120418787002563
1772045482069830100,0.878830078125,-0.1219261884689331,-0.07187061011791229,1.1819626092910767
1772045482079816200,0.888816162109375,-0.29007136821746826,-1.0588430166244507,0.711899995803833
1772045482089801000,0.898801025390625,-0.4008442163467407,-1.9438066482543945,0.2000526636838913
1772045482099787300,0.908787353515625,-0.39290183782577515,-2.3939390182495117,-0.10402891039848328
1772045482109773000,0.91877294921875,-0.23987261950969696,-2.0892789363861084,-0.06164124608039856
1772045482119758000,0.928758056640625,-0.07166041433811188,-1.201837420463562,0.3213372230529785
1772045482129744400,0.938744384765625,0.0474390834569931,-0.3883596956729889,0.7545877695083618
1772045482139730200,0.948730224609375,0.10657285153865814,-0.04451640695333481,0.9571607112884521
1772045482149715200,0.958715087890625,0.07468229532241821,-0.06637749820947647,0.8959439992904663
1772045482159701000,0.968700927734375,-0.035694681107997894,-0.39737462997436523,0.6254953145980835
1772045482169687300,0.978687255859375,-0.16873475909233093,-0.8552500605583191,0.25040295720100403
1772045482179672300,0.98867236328125,-0.26188531517982483,-1.1596219539642334,-0.08589034527540207
1772045482189658000,0.998658203125,-0.21166129410266876,-1.1653791666030884,-0.3210791349411011
1772045482199644200,1.00864404296875,-0.03506380319595337,-0.8705981373786926,-0.520340621471405
1772045482209629200,1.018629150390625,0.15447230637073517,-0.4306841790676117,-0.7425899505615234
1772045482219615200,1.028615234375,0.23713652789592743,-0.038590338081121445,-0.9430341720581055
1772045482229601000,1.03860107421875,0.20055454969406128,0.28529664874076843,-1.077028512954712
1772045482239587300,1.04858740234375,0.04500947147607803,0.46860313415527344,-1.1508686542510986
1772045482249572400,1.058572265625,-0.18563172221183777,0.4509466290473938,-1.1841155290603638
1772045482259558100,1.06855810546875,-0.41405966877937317,0.3033265471458435,-1.19380521774292
1772045482269544200,1.078544189453125,-0.5760613679885864,0.1239999532699585,-1.166300892829895
1772045482279529200,1.088529296875,-0.6483231782913208,0.0005688610253855586,-1.0879876613616943
1772045482289515300,1.098515380859375,-0.6223382353782654,-0.035808589309453964,-0.9551772475242615
1772045482299501000,1.1085009765625,-0.538155198097229,0.006237371824681759,-0.7841619849205017
1772045482309486000,1.118486083984375,-0.4376693069934845,0.037353478372097015,-0.5838464498519897
1772045482319472000,1.12847216796875,-0.3628661632537842,0.03134759142994881,-0.38516324758529663
1772045482329458200,1.138458251953125,-0.32461249828338623,0.008280621841549873,-0.21327432990074158
1772045482339443200,1.148443115234375,-0.3207933306694031,-0.03635986149311066,-0.0790676549077034
1772045482349429200,1.15842919921875,-0.3490758240222931,-0.12448065727949142,0.01545671932399273
1772045482359415300,1.168415283203125,-0.4060025215148926,-0.25106745958328247,0.07003098726272583
1772045482369401300,1.1784013671875,-0.47348782420158386,-0.3520611822605133,0.09097088873386383
1772045482379386000,1.18838623046875,-0.5336910486221313,-0.4059576392173767,0.08923549205064774
1772045482389372200,1.1983720703125,-0.5975416302680969,-0.41276228427886963,0.09528140723705292
1772045482399358200,1.208358154296875,-0.6556839346885681,-0.3909251093864441,0.1218876913189888
1772045482409343200,1.21834326171875,-0.6972372531890869,-0.3287336230278015,0.16772973537445068
1772045482419329300,1.228329345703125,-0.704708993434906,-0.25455257296562195,0.1916818767786026
1772045482429315000,1.238315185546875,-0.6945685148239136,-0.17777256667613983,0.18050697445869446
1772045482439300400,1.24830029296875,-0.6910340189933777,-0.12977036833763123,0.15371203422546387
1772045482449286100,1.2582861328125,-0.7163982391357422,-0.1173001155257225,0.13003653287887573
1772045482459272200,1.268272216796875,-0.777746319770813,-0.1588713526725769,0.13064917922019958
1772045482469257200,1.27825732421875,-0.8897969722747803,-0.23732328414916992,0.18024149537086487
1772045482479243300,1.2882431640625,-1.0315989255905151,-0.3658809959888458,0.3086453378200531
1772045482489229300,1.298229248046875,-1.1588189601898193,-0.45318955183029175,0.5446972846984863
1772045482499215000,1.308215087890625,-1.178646206855774,-0.4303162395954132,0.858257532119751
1772045482509200100,1.3182001953125,-1.1035640239715576,-0.285001665353775,1.1326640844345093
1772045482519186200,1.328186279296875,-0.9961678385734558,-0.053751103579998016,1.2190561294555664
1772045482529172200,1.338172119140625,-0.8646987676620483,0.12491611391305923,1.100131869316101
1772045482539157200,1.3481572265625,-0.8541820645332336,0.08528801053762436,0.8522354960441589
1772045482549143000,1.35814306640625,-1.0710041522979736,-0.10449071228504181,0.7069989442825317
1772045482559129300,1.36812939453125,-1.3970404863357544,-0.883103609085083,0.3508559763431549
1772045482569114000,1.378114013671875,-1.668288230895996,-2.1205525398254395,-0.38911905884742737
1772045482579100200,1.38810009765625,-1.7625439167022705,-3.045504093170166,-1.0265899896621704
1772045482589086200,1.398086181640625,-1.627577543258667,-3.1401026248931885,-1.236586570739746
1772045482599072300,1.408072265625,-1.3713483810424805,-2.3248207569122314,-0.866442859172821
1772045482609057300,1.418057373046875,-1.1119836568832397,-1.1898243427276611,-0.16646476089954376
1772045482619043000,1.42804296875,-0.8427801132202148,-0.4351615905761719,0.4645967185497284
1772045482629029400,1.438029296875,-0.6448183059692383,-0.1830504983663559,0.798576295375824
1772045482639014100,1.44801416015625,-0.6077686548233032,-0.16594119369983673,0.806553840637207
1772045482649000200,1.458000244140625,-0.7625473141670227,-0.378202885389328,0.5360139608383179
1772045482658986000,1.467986083984375,-1.0494641065597534,-0.7785374522209167,0.12147676199674606
1772045482668972300,1.47797216796875,-1.3346420526504517,-1.191417932510376,-0.33145612478256226
1772045482678957300,1.487957275390625,-1.4824018478393555,-1.4377721548080444,-0.7542168498039246
1772045482688943000,1.497943115234375,-1.4371875524520874,-1.4211002588272095,-1.0870829820632935
1772045482698929200,1.50792919921875,-1.2666218280792236,-1.1431148052215576,-1.3050129413604736
1772045482708914200,1.5179140625,-1.0924263000488281,-0.6552769541740417,-1.4436960220336914
1772045482718900200,1.527900146484375,-0.9863330721855164,-0.1342315524816513,-1.5293275117874146
1772045482728886000,1.537885986328125,-0.9825037121772766,0.27103203535079956,-1.5544642210006714
1772045482738871000,1.54787109375,-1.0632529258728027,0.5218192338943481,-1.5255306959152222
1772045482748857300,1.557857421875,-1.2119883298873901,0.6091607809066772,-1.453135371208191
1772045482758843100,1.567843017578125,-1.3738536834716797,0.5546272993087769,-1.3258724212646484
1772045482768829200,1.5778291015625,-1.5136137008666992,0.40519362688064575,-1.1517541408538818
1772045482778814000,1.58781396484375,-1.6091578006744385,0.21644306182861328,-0.945974588394165
1772045482788800300,1.59780029296875,-1.655214548110962,0.033601872622966766,-0.7152140736579895
1772045482798786000,1.6077861328125,-1.6365885734558105,-0.1286880522966385,-0.45691829919815063
1772045482808772000,1.617772216796875,-1.569234848022461,-0.2511178255081177,-0.19671708345413208
1772045482818757400,1.62775732421875,-1.4713120460510254,-0.33411169052124023,0.0476604700088501
1772045482828743200,1.6377431640625,-1.3724408149719238,-0.383070707321167,0.2473730593919754
1772045482838729200,1.647729248046875,-1.2900482416152954,-0.4190593957901001,0.3866793215274811
1772045482848714200,1.65771435546875,-1.2378153800964355,-0.4590582251548767,0.4552306830883026
1772045482858700300,1.6677001953125,-1.2239456176757812,-0.5039210319519043,0.4569474458694458
1772045482868686000,1.67768603515625,-1.2176227569580078,-0.5505708456039429,0.3972465693950653
1772045482878672100,1.687672119140625,-1.2050575017929077,-0.5885140299797058,0.2898173928260803
1772045482888657200,1.6976572265625,-1.1762950420379639,-0.5605630874633789,0.20383216440677643
1772045482898643200,1.707643310546875,-1.1245789527893066,-0.47599199414253235,0.16764073073863983
1772045482908629200,1.717629150390625,-1.0886262655258179,-0.3824703097343445,0.202914297580719
1772045482918614300,1.7276142578125,-1.0919944047927856,-0.28211838006973267,0.320450097322464
1772045482928600000,1.73760009765625,-1.141340970993042,-0.18726778030395508,0.4680075943470001
1772045482938586000,1.747586181640625,-1.2314752340316772,-0.12863634526729584,0.5779386162757874
1772045482948572200,1.757572265625,-1.3368135690689087,-0.10497761517763138,0.6299911737442017
1772045482958557200,1.76755712890625,-1.4265387058258057,-0.12478361278772354,0.6257342100143433
1772045482968543200,1.777543212890625,-1.4907952547073364,-0.1611328423023224,0.5926181077957153
1772045482978529300,1.787529296875,-1.5419745445251465,-0.18697454035282135,0.6175001859664917
1772045482988515000,1.79751513671875,-1.582200050354004,-0.14632803201675415,0.762287437915802
1772045482998500000,1.8075,-1.5783822536468506,0.06314664334058762,1.0109567642211914
1772045483008486100,1.817486083984375,-1.4995874166488647,0.366741418838501,1.2521857023239136
1772045483018472200,1.82747216796875,-1.3698322772979736,0.549649178981781,1.3937926292419434
1772045483028457200,1.837457275390625,-1.4904972314834595,0.20600096881389618,1.2846240997314453
1772045483038443300,1.847443359375,-1.8860524892807007,-0.8651677966117859,0.8773956894874573
1772045483048429300,1.85742919921875,-2.312528133392334,-2.6422829627990723,-0.02676691859960556
1772045483058415000,1.8674150390625,-2.552464008331299,-4.214871883392334,-1.065678358078003
1772045483068400400,1.877400390625,-2.4460649490356445,-4.806342601776123,-1.708525538444519
1772045483078386400,1.887386474609375,-2.0628788471221924,-4.073245525360107,-1.6435911655426025
1772045483088372200,1.897372314453125,-1.4771479368209839,-2.5491175651550293,-0.9285881519317627
1772045483098358300,1.907358154296875,-0.9126865267753601,-0.9219432473182678,0.105109304189682
1772045483108343300,1.91734326171875,-0.5653943419456482,0.005622449796646833,0.8964963555335999
1772045483118329300,1.927329345703125,-0.516886830329895,0.24862761795520782,1.1987464427947998
1772045483128315100,1.937315185546875,-0.8042743802070618,0.18413330614566803,1.2141951322555542
1772045483138301400,1.947301513671875,-1.2478954792022705,-0.1745753288269043,1.0685585737228394
1772045483148286500,1.957286376953125,-1.5462565422058105,-0.6795825362205505,0.7785711884498596
1772045483158272300,1.967272216796875,-1.55555260181427,-1.0672136545181274,0.36253249645233154
1772045483168258300,1.97725830078125,-1.3319242000579834,-1.1312251091003418,-0.06677545607089996
1772045483178244400,1.987244384765625,-1.0104650259017944,-0.8387949466705322,-0.4078370928764343
1772045483188229400,1.9972294921875,-0.7175465226173401,-0.3822801411151886,-0.6277295351028442
1772045483198215200,2.007215087890625,-0.5014876127243042,0.02812867797911167,-0.7618228793144226
1772045483208201200,2.017201171875,-0.3315582275390625,0.26691141724586487,-0.836732804775238
1772045483218187300,2.027187255859375,-0.2430354356765747,0.31002408266067505,-0.8549467921257019
1772045483228172300,2.03717236328125,-0.2791327238082886,0.19653956592082977,-0.8004902005195618
1772045483238158300,2.047158447265625,-0.38921573758125305,0.02515626698732376,-0.6737789511680603
1772045483248144400,2.057144287109375,-0.481309175491333,-0.11676784604787827,-0.5024929642677307
1772045483258129400,2.06712939453125,-0.5153602957725525,-0.18883535265922546,-0.32757410407066345
1772045483268115200,2.077115234375,-0.4834825396537781,-0.19121727347373962,-0.16633383929729462
1772045483278101200,2.087101318359375,-0.3952701985836029,-0.13600891828536987,-0.01288512721657753
1772045483288087300,2.09708740234375,-0.28301769495010376,-0.06503914296627045,0.1295577734708786
1772045483298073300,2.1070732421875,-0.1791217178106308,-0.026474319398403168,0.23559947311878204
1772045483308058400,2.117058349609375,-0.10951308161020279,-0.039148833602666855,0.31346869468688965
1772045483318044200,2.127044189453125,-0.08633334934711456,-0.09015098959207535,0.3515838384628296
1772045483328030500,2.137030517578125,-0.11764786392450333,-0.17323869466781616,0.34326171875
1772045483338016300,2.147016357421875,-0.20029251277446747,-0.2809295356273651,0.2929495573043823
1772045483348001300,2.157001220703125,-0.2998363971710205,-0.3690956234931946,0.20743891596794128
1772045483357987000,2.166987060546875,-0.3864651024341583,-0.3910154402256012,0.10429171472787857
1772045483367973400,2.176973388671875,-0.44490736722946167,-0.3637548089027405,-0.00854349136352539
1772045483377959200,2.186959228515625,-0.501850962638855,-0.282696396112442,-0.09977263957262039
1772045483387944200,2.196944091796875,-0.563942551612854,-0.12894198298454285,-0.11051024496555328
1772045483397930500,2.206930419921875,-0.6380863785743713,0.037906087934970856,-0.06339076161384583
1772045483407916300,2.216916259765625,-0.7520092129707336,0.16393566131591797,0.017254550009965897
1772045483417902300,2.22690234375,-0.9177834987640381,0.21340344846248627,0.10345842689275742
1772045483427887000,2.23688720703125,-1.1203477382659912,0.18689221143722534,0.19607597589492798
1772045483437873400,2.246873291015625,-1.3080122470855713,0.070345938205719,0.2844042479991913
1772045483447859200,2.256859130859375,-1.451640248298645,-0.09715517610311508,0.3800381124019623
1772045483457845200,2.26684521484375,-1.5446677207946777,-0.20109601318836212,0.5319175720214844
1772045483467830300,2.276830322265625,-1.6676911115646362,-0.1786104142665863,0.7816155552864075
1772045483477816300,2.28681640625,-1.7920169830322266,-0.06687057018280029,1.0956345796585083
1772045483487802400,2.29680224609375,-1.79071044921875,-0.0913548693060875,1.2920722961425781
1772045483497788200,2.3067880859375,-1.7004767656326294,-0.47243422269821167,1.2141426801681519
1772045483507773200,2.316773193359375,-1.6845026016235352,-1.1951466798782349,0.8073856234550476
1772045483517759200,2.32675927734375,-1.8077161312103271,-2.2959864139556885,0.18752321600914001
1772045483527745300,2.336745361328125,-1.9878028631210327,-3.699589490890503,-0.573512852191925
1772045483537731000,2.34673095703125,-2.0426249504089355,-4.480459213256836,-1.0173150300979614
1772045483547716400,2.35671630859375,-1.9327236413955688,-3.9642531871795654,-0.9212814569473267
1772045483557702400,2.366702392578125,-1.7273585796356201,-2.527367115020752,-0.5218912959098816
1772045483567688200,2.376688232421875,-1.3418347835540771,-0.96315997838974,-0.008486072532832623
1772045483577674500,2.386674560546875,-0.8042715787887573,0.020817432552576065,0.43836528062820435
1772045483587659300,2.3966591796875,-0.402701735496521,0.2729359567165375,0.7190610766410828
1772045483597645300,2.406645263671875,-0.30519670248031616,-0.07619737833738327,0.8121967315673828
1772045483607631000,2.416631103515625,-0.4774515628814697,-0.8449337482452393,0.7368021011352539
1772045483617617400,2.426617431640625,-0.7536852955818176,-1.6245602369308472,0.5511952638626099
1772045483627603200,2.436603271484375,-1.0078147649765015,-2.0685081481933594,0.3289315104484558
1772045483637588200,2.446588134765625,-1.2324990034103394,-2.0383903980255127,0.11712432652711868
1772045483647574300,2.45657421875,-1.4197427034378052,-1.5470645427703857,-0.11942962557077408
1772045483657560300,2.466560302734375,-1.531758427619934,-0.8102378249168396,-0.4243549704551697
1772045483667546400,2.47654638671875,-1.575251817703247,-0.0902637168765068,-0.7853919863700867
1772045483677531100,2.48653125,-1.5882648229599,0.4604170620441437,-1.1076456308364868
1772045483687517200,2.49651708984375,-1.6024373769760132,0.7215107083320618,-1.3189772367477417
1772045483697503200,2.506503173828125,-1.6625354290008545,0.6367945075035095,-1.409703254699707
1772045483707489300,2.5164892578125,-1.775037169456482,0.29489490389823914,-1.3879116773605347
1772045483717474300,2.526474365234375,-1.9042643308639526,-0.15953192114830017,-1.2849864959716797
1772045483727460400,2.53646044921875,-1.9737545251846313,-0.5954849720001221,-1.1308199167251587
1772045483737446400,2.5464462890625,-1.9400171041488647,-0.887570321559906,-0.9328686594963074
1772045483747432200,2.55643212890625,-1.8006742000579834,-0.9888495206832886,-0.6711901426315308
1772045483757418200,2.566418212890625,-1.5940096378326416,-0.92432701587677,-0.3533165752887726
1772045483767403300,2.5764033203125,-1.3714197874069214,-0.7554208040237427,-0.04927306994795799
1772045483777389300,2.586389404296875,-1.207035779953003,-0.5883367657661438,0.153519868850708
1772045483787375000,2.596375,-1.1222338676452637,-0.4834454655647278,0.2651875615119934
1772045483797361400,2.606361328125,-1.1301761865615845,-0.5097324848175049,0.26670023798942566
1772045483807346400,2.616346435546875,-1.238446831703186,-0.6670176982879639,0.1490701138973236
1772045483817332200,2.626332275390625,-1.4017305374145508,-0.8707097172737122,-0.04964752867817879
1772045483827318300,2.636318359375,-1.5651048421859741,-1.0384981632232666,-0.2821606695652008
1772045483837304300,2.64630419921875,-1.6755553483963013,-1.071183443069458,-0.4594423770904541
1772045483847289300,2.656289306640625,-1.7029392719268799,-0.9688012599945068,-0.5649352669715881
1772045483857275100,2.666275146484375,-1.6616501808166504,-0.7713279128074646,-0.6317546367645264
1772045483867261200,2.67626123046875,-1.5908777713775635,-0.5844797492027283,-0.6723894476890564
1772045483877247200,2.686247314453125,-1.5184091329574585,-0.4426637589931488,-0.6403681039810181
1772045483887233300,2.6962333984375,-1.4675039052963257,-0.3849554657936096,-0.558104395866394
1772045483897218300,2.70621826171875,-1.4672375917434692,-0.43756070733070374,-0.454452246427536
1772045483907204400,2.716204345703125,-1.5122023820877075,-0.5884013175964355,-0.35350778698921204
1772045483917190400,2.7261904296875,-1.5937635898590088,-0.7777284383773804,-0.23712779581546783
1772045483927176200,2.73617626953125,-1.6428693532943726,-0.8983616232872009,-0.07583077996969223
1772045483937161200,2.7461611328125,-1.6659035682678223,-0.9081250429153442,0.1181710883975029
1772045483947147300,2.756147216796875,-1.6707215309143066,-0.71895831823349,0.3750587999820709
1772045483957133300,2.76613330078125,-1.6227996349334717,-0.38786977529525757,0.661464273929596
1772045483967119000,2.776119140625,-1.4981602430343628,-0.13391231000423431,0.879633367061615
1772045483977105400,2.78610546875,-1.320457100868225,-0.237082377076149,0.9524686932563782
1772045483987090400,2.79609033203125,-1.1547203063964844,-0.8156887292861938,0.8196427226066589
1772045483997076200,2.806076171875,-1.0952613353729248,-1.8839203119277954,0.38808518648147583
1772045484007062300,2.816062255859375,-1.2250394821166992,-3.2073750495910645,-0.3415221571922302
1772045484017048600,2.826048583984375,-1.6471859216690063,-4.520469665527344,-1.173272967338562
1772045484027033900,2.836033935546875,-2.1843254566192627,-5.569060325622559,-1.790940761566162
1772045484037019600,2.84601953125,-2.52663516998291,-5.665117263793945,-1.9311378002166748
1772045484047005700,2.856005615234375,-2.6207120418548584,-4.521503448486328,-1.635644555091858
1772045484056991500,2.865991455078125,-2.4600958824157715,-2.903249502182007,-1.2175921201705933
1772045484066976800,2.875976806640625,-2.1500043869018555,-1.3492722511291504,-0.7262570261955261
1772045484076962800,2.885962890625,-1.8357141017913818,-0.3866855800151825,-0.2367260605096817
1772045484086948600,2.895948486328125,-1.6647138595581055,-0.12329094856977463,0.1911134272813797
1772045484096935000,2.905934814453125,-1.6362090110778809,-0.5663615465164185,0.5171360373497009
1772045484106920700,2.915920654296875,-1.6469327211380005,-1.3682812452316284,0.7051927447319031
1772045484116905700,2.92590576171875,-1.6637626886367798,-2.0355288982391357,0.6304016709327698
1772045484126891500,2.9358916015625,-1.6654503345489502,-2.238635540008545,0.39014437794685364
1772045484136877800,2.9458779296875,-1.611275553703308,-1.8668055534362793,0.11925072968006134
1772045484146863600,2.955863525390625,-1.528173804283142,-1.1108849048614502,-0.19196255505084991
1772045484156849700,2.965849609375,-1.4400728940963745,-0.18990565836429596,-0.4891006052494049
1772045484166834700,2.975834716796875,-1.3839656114578247,0.6525845527648926,-0.7067516446113586
1772045484176820700,2.98582080078125,-1.4167765378952026,1.1919323205947876,-0.8479517698287964
1772045484186806800,2.995806884765625,-1.5536744594573975,1.2982097864151,-0.8980655074119568
1772045484196792600,3.00579248046875,-1.7365827560424805,0.9482893943786621,-0.8544542193412781
1772045484206777600,3.015777587890625,-1.9042937755584717,0.33776983618736267,-0.7826239466667175
1772045484216763600,3.025763671875,-2.0026519298553467,-0.25333714485168457,-0.7033253908157349
1772045484226749700,3.035749755859375,-2.0120913982391357,-0.6553671360015869,-0.6398031711578369
1772045484236735500,3.045735595703125,-1.9345145225524902,-0.898349940776825,-0.5544881224632263
1772045484246721800,3.0557216796875,-1.7588226795196533,-0.9843192100524902,-0.41030165553092957
1772045484256706800,3.065706787109375,-1.5658830404281616,-0.9728278517723083,-0.25911447405815125
1772045484266692600,3.075692626953125,-1.4226406812667847,-0.9452771544456482,-0.15085750818252563
1772045484276679000,3.085678955078125,-1.368129849433899,-0.9106428623199463,-0.11186525970697403
1772045484286664700,3.095664794921875,-1.3868534564971924,-0.8850634694099426,-0.16228610277175903
1772045484296649700,3.105649658203125,-1.4509875774383545,-0.8801800608634949,-0.2806435525417328
1772045484306635500,3.115635498046875,-1.50517737865448,-0.8694086074829102,-0.41942620277404785
1772045484316621800,3.125621826171875,-1.5455009937286377,-0.8089797496795654,-0.5467880964279175
1772045484326607600,3.135607666015625,-1.5804531574249268,-0.680870532989502,-0.6243258118629456
1772045484336593700,3.14559375,-1.6043428182601929,-0.5127833485603333,-0.6446181535720825
1772045484346578700,3.15557861328125,-1.592454195022583,-0.34242570400238037,-0.6045335531234741
1772045484356564700,3.165564697265625,-1.548500895500183,-0.20892545580863953,-0.5527373552322388
1772045484366550800,3.17555078125,-1.4777114391326904,-0.20039188861846924,-0.534724235534668
1772045484376536600,3.18553662109375,-1.4166486263275146,-0.3213535249233246,-0.5682337880134583
1772045484386521600,3.195521484375,-1.4133421182632446,-0.5318553447723389,-0.6146116256713867
1772045484396507600,3.205507568359375,-1.4539862871170044,-0.727020800113678,-0.5983508825302124
1772045484406493700,3.21549365234375,-1.5430972576141357,-0.8424131870269775,-0.47320258617401123
1772045484416479500,3.2254794921875,-1.6390024423599243,-0.815324604511261,-0.22109968960285187
1772045484426465800,3.2354658203125,-1.7470146417617798,-0.5459083318710327,0.11632493883371353
1772045484436450800,3.245450927734375,-1.7736244201660156,-0.1608770340681076,0.332771360874176
1772045484446436600,3.2554365234375,-1.6731865406036377,0.34488868713378906,0.26620298624038696
1772045484456423000,3.2654228515625,-1.5790315866470337,0.8668763041496277,-0.08385668694972992
1772045484466408700,3.27540869140625,-1.6083803176879883,0.9658071398735046,-0.5482736229896545
1772045484476394800,3.285394775390625,-1.8743762969970703,0.047269660979509354,-0.8392313718795776
1772045484486379500,3.295379638671875,-2.4233739376068115,-1.8567397594451904,-0.809700071811676
1772045484496365800,3.30536572265625,-3.0103952884674072,-3.886543035507202,-0.5025637149810791
1772045484506351600,3.3153515625,-3.38731050491333,-4.9613800048828125,0.006650515366345644
1772045484516337700,3.325337646484375,-3.1853208541870117,-5.204953670501709,0.3618733584880829
1772045484526322700,3.33532275390625,-2.6514620780944824,-4.359192371368408,0.6523736715316772
1772045484536308700,3.345308837890625,-2.236452341079712,-2.3057191371917725,1.1265287399291992
1772045484546294800,3.355294677734375,-1.9660941362380981,-0.7255308628082275,1.4408893585205078
1772045484556280600,3.365280517578125,-1.788444995880127,-0.1347791999578476,1.538872241973877
1772045484566267000,3.375266845703125,-1.8130203485488892,-0.417350172996521,1.5556190013885498
1772045484576251600,3.385251708984375,-1.9958139657974243,-1.357994794845581,1.5610355138778687
1772045484586237700,3.39523779296875,-2.2184696197509766,-2.538844347000122,1.5560015439987183
1772045484596223500,3.405223388671875,-2.3623855113983154,-3.3963887691497803,1.5646586418151855
1772045484606209800,3.415209716796875,-2.407742977142334,-3.5202906131744385,1.4764395952224731
1772045484616194800,3.42519482421875,-2.394052028656006,-2.9661827087402344,1.1454330682754517
1772045484626180600,3.4351806640625,-2.3550753593444824,-2.0187294483184814,0.5616657137870789
1772045484636166700,3.445166748046875,-2.309415340423584,-1.0325888395309448,-0.19330036640167236
1772045484646152700,3.455152587890625,-2.296569585800171,-0.20558182895183563,-0.9717724323272705
1772045484656138800,3.465138671875,-2.315206527709961,0.42414066195487976,-1.6379444599151611
1772045484666123500,3.47512353515625,-2.3943700790405273,0.7562536001205444,-2.088010549545288
1772045484676109800,3.48510986328125,-2.5093870162963867,0.750120222568512,-2.279705762863159
1772045484686095600,3.495095703125,-2.6222116947174072,0.47755154967308044,-2.2493953704833984
1772045484696081700,3.50508154296875,-2.6663894653320312,0.03281866014003754,-2.035078525543213
1772045484706066700,3.515066650390625,-2.6434712409973145,-0.3354584276676178,-1.6278674602508545
1772045484716052700,3.525052734375,-2.5426106452941895,-0.5992876291275024,-1.1037671566009521
1772045484726038800,3.535038818359375,-2.365835189819336,-0.8397566676139832,-0.6172576546669006
1772045484736024600,3.545024658203125,-2.161036968231201,-1.0637415647506714,-0.22406356036663055
1772045484746011000,3.555010986328125,-1.9968256950378418,-1.258414626121521,0.05359362065792084
1772045484755995600,3.56499560546875,-1.9028226137161255,-1.3951735496520996,0.22474037110805511
1772045484765981700,3.574981689453125,-1.842551827430725,-1.3939341306686401,0.30269771814346313
1772045484775967500,3.584967529296875,-1.8036315441131592,-1.2179433107376099,0.3038542568683624
1772045484785953800,3.594953857421875,-1.7878246307373047,-0.910021960735321,0.2552611529827118
1772045484795938800,3.604938720703125,-1.8014227151870728,-0.5961786508560181,0.21368162333965302
1772045484805924600,3.614924560546875,-1.8298754692077637,-0.3713868260383606,0.22123168408870697
1772045484815910700,3.62491064453125,-1.877920150756836,-0.2893999516963959,0.29600071907043457
1772045484825896700,3.634896728515625,-1.9485700130462646,-0.29794764518737793,0.3920132517814636
1772045484835882800,3.6448828125,-2.043276071548462,-0.3782116174697876,0.4990871250629425
1772045484845867500,3.654867431640625,-2.1423327922821045,-0.5509064197540283,0.5800693035125732
1772045484855853800,3.664853759765625,-2.2528975009918213,-0.8078592419624329,0.6072148084640503
1772045484865839600,3.674839599609375,-2.3543176651000977,-1.1038320064544678,0.5786329507827759
1772045484875825700,3.68482568359375,-2.408585786819458,-1.36869478225708,0.5167602300643921
1772045484885811700,3.694811767578125,-2.424823760986328,-1.5924633741378784,0.4723834991455078
1772045484895796700,3.704796630859375,-2.4021849632263184,-1.6618303060531616,0.4512387812137604
1772045484905782800,3.71478271484375,-2.3886919021606445,-1.52357017993927,0.4184725880622864
1772045484915768600,3.7247685546875,-2.4600448608398438,-1.1748464107513428,0.3613128662109375
1772045484925755000,3.7347548828125,-2.665470600128174,-0.6681932806968689,0.34186089038848877
1772045484935739600,3.74473974609375,-2.902661085128784,-0.11911553889513016,0.3097301721572876
1772045484945725700,3.7547255859375,-3.0343003273010254,0.2647849917411804,0.1521352082490921
1772045484955711500,3.76471142578125,-2.9093832969665527,-0.014226490631699562,-0.37155309319496155
1772045484965697800,3.77469775390625,-2.6958487033843994,-1.047584891319275,-1.392669439315796
1772045484975683600,3.78468359375,-2.5352275371551514,-2.4969165325164795,-2.5211353302001953
1772045484985668600,3.794668701171875,-2.435992956161499,-3.5735201835632324,-2.964057207107544
1772045484995654700,3.804654541015625,-2.7792625427246094,-4.364010810852051,-3.0077626705169678
1772045485005640700,3.814640625,-2.7784423828125,-4.933993816375732,-3.0655360221862793
1772045485015626500,3.82462646484375,-2.6203393936157227,-3.4671518802642822,-2.4629647731781006
1772045485025612500,3.834612548828125,-2.4202005863189697,-1.0784927606582642,-1.6873325109481812
1772045485035597600,3.84459765625,-1.8998019695281982,0.6992986798286438,-0.9523137807846069
1772045485045583400,3.854583251953125,-1.3462823629379272,1.2287780046463013,-0.4624556601047516
1772045485055569400,3.8645693359375,-1.0948861837387085,0.3193820118904114,-0.2054419070482254
1772045485065555500,3.874555419921875,-1.2529364824295044,-1.284193515777588,0.1976805180311203
1772045485075540500,3.88454052734375,-1.731732964515686,-2.7076847553253174,0.7513155341148376
1772045485085526500,3.894526611328125,-2.2037312984466553,-3.391146183013916,1.1609132289886475
1772045485095512600,3.9045126953125,-2.366853952407837,-3.2279300689697266,1.2157374620437622
1772045485105498600,3.91449853515625,-2.1789309978485107,-2.4205996990203857,0.8314518332481384
1772045485115484400,3.924484375,-1.7754237651824951,-1.3036270141601562,0.1024756133556366
1772045485125469400,3.934469482421875,-1.3920252323150635,-0.20919768512248993,-0.7072188258171082
1772045485135455500,3.94445556640625,-1.1867539882659912,0.6918094754219055,-1.3194252252578735
1772045485145441500,3.954441650390625,-1.18423330783844,1.0977903604507446,-1.6119683980941772
1772045485155427300,3.96442724609375,-1.3133900165557861,0.9517720937728882,-1.5693689584732056
1772045485165413600,3.97441357421875,-1.3914308547973633,0.4432508647441864,-1.2536789178848267
1772045485175398700,3.984398681640625,-1.4861476421356201,-0.18759503960609436,-0.8601963520050049
1772045485185384400,3.994384521484375,-1.5519660711288452,-0.6236668825149536,-0.46128228306770325
1772045485195370500,4.00437060546875,-1.5227711200714111,-0.7578184604644775,-0.042467132210731506
1772045485205356500,4.0143564453125,-1.3994557857513428,-0.7871103286743164,0.36274001002311707
1772045485215341600,4.024341552734375,-1.226618766784668,-0.8221703767776489,0.686998724937439
1772045485225327600,4.03432763671875,-1.01593816280365,-0.8340935707092285,0.9383206963539124
1772045485235313400,4.0443134765625,-0.7963705658912659,-0.8323180675506592,1.1200553178787231
1772045485245299500,4.054299560546875,-0.5957935452461243,-0.794225811958313,1.218701958656311
1772045485255285500,4.064285400390625,-0.4596119821071625,-0.7506318688392639,1.18047297000885
1772045485265270500,4.0742705078125,-0.45126616954803467,-0.7010579109191895,1.013465404510498
1772045485275256600,4.084256591796875,-0.5578435659408569,-0.6509149670600891,0.7733990550041199
1772045485285242600,4.09424267578125,-0.6959561705589294,-0.581051766872406,0.48266366124153137
1772045485295228400,4.104228515625,-0.8274369835853577,-0.4508279263973236,0.17587082087993622
1772045485305214500,4.11421435546875,-0.9459894299507141,-0.25673168897628784,-0.11817517876625061
1772045485315199500,4.124199462890625,-1.0594147443771362,-0.10036972165107727,-0.3813687562942505
1772045485325185500,4.134185546875,-1.1720280647277832,-0.0016375583363696933,-0.5771874785423279
1772045485335171600,4.144171630859375,-1.2633782625198364,-0.04334024712443352,-0.7124868035316467
1772045485345157600,4.15415771484375,-1.3235942125320435,-0.16745926439762115,-0.7734692096710205
1772045485355143400,4.164143310546875,-1.314475655555725,-0.31616994738578796,-0.7273449301719666
1772045485365128400,4.17412841796875,-1.243953824043274,-0.462652325630188,-0.6025537252426147
1772045485375114500,4.184114501953125,-1.1301779747009277,-0.5719947814941406,-0.47214406728744507
1772045485385100500,4.1941005859375,-1.0560195446014404,-0.6303467154502869,-0.3481622040271759
1772045485395086600,4.204086669921875,-1.1227774620056152,-0.647970974445343,-0.2069244384765625
1772045485405072400,4.214072265625,-1.3397963047027588,-0.574012041091919,-0.03520195931196213
1772045485415057400,4.224057373046875,-1.6403177976608276,-0.44345831871032715,0.16268692910671234
1772045485425043500,4.23404345703125,-1.9018999338150024,-0.46032917499542236,0.30140966176986694
1772045485435029500,4.244029541015625,-1.9753203392028809,-0.71970134973526,0.1866540014743805
1772045485445015600,4.254015625,-1.8949378728866577,-1.067509412765503,-0.21215569972991943
1772045485455000600,4.26400048828125,-1.9377408027648926,-1.2837752103805542,-0.6457605361938477
1772045485464986600,4.273986572265625,-2.214844226837158,-1.2840527296066284,-0.8934379816055298
1772045485474972400,4.283972412109375,-2.5126357078552246,-1.035249948501587,-0.7734166979789734
1772045485484958500,4.29395849609375,-2.5367817878723145,-0.6328550577163696,-0.22315861284732819
1772045485494944500,4.303944580078125,-2.2574594020843506,-0.4108327031135559,0.44599831104278564
1772045485504929500,4.313929443359375,-1.7627713680267334,-0.4704968333244324,1.015478253364563
1772045485514915600,4.32391552734375,-1.3247554302215576,-0.6027520298957825,1.4691270589828491
1772045485524901600,4.333901611328125,-1.0478184223175049,-0.8691930174827576,1.8823444843292236
1772045485534887700,4.3438876953125,-0.9531114101409912,-1.4973690509796143,2.1307079792022705
1772045485544873500,4.35387353515625,-0.9943389892578125,-2.2199952602386475,2.12162446975708
1772045485554858500,4.3638583984375,-1.096397876739502,-2.7015960216522217,1.9576820135116577
1772045485564844500,4.373844482421875,-1.1881842613220215,-2.7516398429870605,1.8005146980285645
1772045485574830600,4.38383056640625,-1.2825579643249512,-2.4295835494995117,1.58768630027771
1772045485584816400,4.39381640625,-1.2668074369430542,-1.890214204788208,1.317654013633728
1772045485594802700,4.403802734375,-1.1672264337539673,-1.2699750661849976,1.0195850133895874
1772045485604787700,4.41378759765625,-1.1078499555587769,-0.7877599000930786,0.6513486504554749
1772045485614773500,4.4237734375,-1.181959867477417,-0.5616713166236877,0.2356407344341278
1772045485624759600,4.433759521484375,-1.411931037902832,-0.6289803385734558,-0.19500279426574707
1772045485634745600,4.44374560546875,-1.742872953414917,-0.8760241866111755,-0.5835544466972351
1772045485644731600,4.453731689453125,-2.075272798538208,-1.1160932779312134,-0.8782768845558167
1772045485654716400,4.46371630859375,-2.331442356109619,-1.1892095804214478,-1.0578936338424683
1772045485664702500,4.473702392578125,-2.452960252761841,-1.0532594919204712,-1.11528742313385
1772045485674688500,4.4836884765625,-2.4180827140808105,-0.7401182651519775,-1.0586869716644287
1772045485684674600,4.493674560546875,-2.289646625518799,-0.367502897977829,-0.9203112721443176
1772045485694660400,4.503660400390625,-2.0963387489318848,-0.0691160336136818,-0.7172714471817017
1772045485704646700,4.513646728515625,-1.8764992952346802,0.024929502978920937,-0.46433937549591064
1772045485714631700,4.523631591796875,-1.676174283027649,-0.08847524970769882,-0.18832336366176605
1772045485724617500,4.533617431640625,-1.5025180578231812,-0.3626250624656677,0.05262160673737526
1772045485734603500,4.543603515625,-1.3592215776443481,-0.6795905828475952,0.22049559652805328
1772045485744589600,4.553589599609375,-1.2693915367126465,-0.9481134414672852,0.2873081862926483
1772045485754575600,4.56357568359375,-1.2327327728271484,-1.117550015449524,0.2728457450866699
1772045485764560400,4.573560302734375,-1.213194727897644,-1.1437368392944336,0.19180256128311157
1772045485774546700,4.583546630859375,-1.1937979459762573,-1.0217028856277466,0.04865645989775658
1772045485784532500,4.593532470703125,-1.1715937852859497,-0.7903383374214172,-0.11387678980827332
1772045485794518500,4.6035185546875,-1.1669474840164185,-0.5542936325073242,-0.2659328579902649
1772045485804504600,4.613504638671875,-1.181090235710144,-0.4230532944202423,-0.37078630924224854
1772045485814489600,4.623489501953125,-1.2212556600570679,-0.4474942684173584,-0.4308582842350006
1772045485824475600,4.6334755859375,-1.2555919885635376,-0.6306683421134949,-0.4518392086029053
1772045485834461400,4.64346142578125,-1.246528148651123,-0.9917005896568298,-0.5213190913200378
1772045485844447500,4.653447509765625,-1.1882600784301758,-1.4328956604003906,-0.6672400832176208
1772045485854433500,4.66343359375,-1.066821575164795,-1.7936843633651733,-0.8732457160949707
1772045485864418600,4.67341845703125,-0.9080977439880371,-1.9190948009490967,-1.092877984046936
1772045485874404400,4.683404296875,-0.7581616640090942,-1.9025177955627441,-1.2736454010009766
1772045485884390700,4.693390625,-0.6916577219963074,-1.82379150390625,-1.3726696968078613
1772045485894376400,4.70337646484375,-0.7970573306083679,-1.6433454751968384,-1.446162223815918
1772045485904362500,4.713362548828125,-1.0628554821014404,-1.4836300611495972,-1.5642937421798706
1772045485914348500,4.7233486328125,-1.3397679328918457,-1.4387366771697998,-1.7332870960235596
1772045485924333600,4.73333349609375,-1.5128146409988403,-1.644646167755127,-1.9148824214935303
1772045485934319600,4.743319580078125,-1.6431814432144165,-2.0833826065063477,-2.045297384262085
1772045485944305400,4.753305419921875,-1.8546966314315796,-2.433351993560791,-2.061880350112915
1772045485954291500,4.76329150390625,-2.0901763439178467,-2.2742464542388916,-1.9444208145141602
1772045485964277500,4.773277587890625,-2.3079206943511963,-1.5800987482070923,-1.6781853437423706
1772045485974262500,4.783262451171875,-2.4569668769836426,-0.8756194114685059,-1.3009408712387085
1772045485984248600,4.79324853515625,-2.4384026527404785,-0.46224406361579895,-0.8896386027336121
1772045485994234600,4.803234619140625,-2.3749608993530273,-0.1628555804491043,-0.4094353914260864
1772045486004220400,4.813220458984375,-2.2272825241088867,-0.12636467814445496,0.12044495344161987
1772045486014206500,4.82320654296875,-1.9505436420440674,-0.5011264681816101,0.572115421295166
1772045486024192800,4.83319287109375,-1.6998693943023682,-1.0687241554260254,0.8297677040100098
1772045486034177800,4.843177734375,-1.6960464715957642,-1.4584132432937622,0.8288344144821167
1772045486044163800,4.853163818359375,-1.8670233488082886,-1.48885178565979,0.7332426309585571
1772045486054150000,4.86314990234375,-2.0857720375061035,-1.2400572299957275,0.6831884980201721
1772045486064135700,4.8731357421875,-2.2753207683563232,-0.8874161839485168,0.7245191335678101
1772045486074122000,4.8831220703125,-2.3999955654144287,-0.5538519620895386,0.8238452672958374
1772045486084107000,4.89310693359375,-2.4061455726623535,-0.29655200242996216,0.896117091178894
1772045486094092800,4.9030927734375,-2.308746337890625,-0.18761296570301056,0.8903113007545471
1772045486104079000,4.9130791015625,-2.147006034851074,-0.29649046063423157,0.7948806285858154
1772045486114065000,4.92306494140625,-1.9895799160003662,-0.6182032227516174,0.5895413756370544
1772045486124051000,4.933051025390625,-1.8834494352340698,-0.9735373854637146,0.31437772512435913
1772045486134036700,4.94303662109375,-1.838796615600586,-1.2305889129638672,0.02970779687166214
1772045486144022000,4.95302197265625,-1.8189449310302734,-1.334983229637146,-0.2536669373512268
1772045486154007800,4.9630078125,-1.8001549243927002,-1.2405850887298584,-0.521664023399353
1772045486163993900,4.972993896484375,-1.8003474473953247,-1.020943284034729,-0.7393601536750793
1772045486173980000,4.98297998046875,-1.7763409614562988,-0.7914616465568542,-0.8251502513885498
1772045486183966000,4.992966064453125,-1.70638906955719,-0.5603115558624268,-0.7307355999946594
1772045486193951700,5.00295166015625,-1.6195406913757324,-0.4099682867527008,-0.5166055560112
1772045486203936800,5.012936767578125,-1.4995522499084473,-0.40363609790802,-0.2570309638977051
1772045486213923000,5.022923095703125,-1.3763357400894165,-0.6086392402648926,-0.033716652542352676
1772045486223908900,5.032908935546875,-1.3031973838806152,-0.8959413170814514,0.12076054513454437
1772045486233895000,5.04289501953125,-1.2837677001953125,-1.1626884937286377,0.19147823750972748
1772045486243881000,5.052880859375,-1.3029587268829346,-1.3313246965408325,0.17236366868019104
1772045486253867000,5.062866943359375,-1.3337159156799316,-1.3456778526306152,0.09313862025737762
1772045486263851800,5.072851806640625,-1.3815531730651855,-1.1938077211380005,-0.0013519320636987686
1772045486273837800,5.082837890625,-1.471569538116455,-0.9336022138595581,-0.0842534527182579
1772045486283823900,5.092823974609375,-1.641790747642517,-0.7218351364135742,-0.14531973004341125
1772045486293810000,5.102809814453125,-1.8951960802078247,-0.5908195972442627,-0.18465004861354828
1772045486303795700,5.112795654296875,-2.1958775520324707,-0.5485693216323853,-0.18002814054489136
1772045486313782000,5.122781982421875,-2.500063896179199,-0.6769160032272339,-0.1076970100402832
1772045486323767000,5.13276708984375,-2.720869541168213,-1.0080909729003906,0.06579994410276413
1772045486333752800,5.1427529296875,-2.8606951236724854,-1.3937169313430786,0.3027839958667755
1772045486343739000,5.15273876953125,-2.9764716625213623,-1.6435867547988892,0.5322051644325256
1772045486353725000,5.162724853515625,-3.075183868408203,-1.6781331300735474,0.7013043165206909
1772045486363711000,5.1727109375,-3.0843138694763184,-1.4469454288482666,0.7988308668136597
1772045486373696800,5.18269677734375,-2.939283609390259,-1.0448403358459473,0.8002138733863831
1772045486383682000,5.19268212890625,-2.7729225158691406,-0.6323533654212952,0.7081055045127869
1772045486393667800,5.202667724609375,-2.6602296829223633,-0.4662724435329437,0.5529851317405701
1772045486403654000,5.21265380859375,-2.6236624717712402,-0.8722830414772034,0.3226480484008789
1772045486413639700,5.2226396484375,-2.678727388381958,-1.857148289680481,-0.025830527767539024
1772045486423626000,5.2326259765625,-2.84602689743042,-2.930006980895996,-0.5360796451568604
1772045486433611800,5.24261181640625,-2.991492509841919,-3.865145683288574,-1.4393885135650635
1772045486443597800,5.252597900390625,-2.8908421993255615,-4.172138690948486,-2.586331605911255
1772045486453583000,5.2625830078125,-2.5010058879852295,-3.2859623432159424,-3.3343281745910645
1772045486463569000,5.27256884765625,-2.0697836875915527,-1.6954543590545654,-3.418490171432495
1772045486473555000,5.282554931640625,-1.7840207815170288,-0.030986348167061806,-2.7417092323303223
1772045486483541000,5.292541015625,-1.5329419374465942,0.7765109539031982,-1.5740001201629639
1772045486493527000,5.302527099609375,-1.3364115953445435,0.401765376329422,-0.392665296792984
1772045486503512800,5.312512939453125,-1.229195475578308,-0.6517664790153503,0.5789839625358582
1772045486513497900,5.322497802734375,-1.3154023885726929,-1.7324551343917847,1.2430174350738525
1772045486523484000,5.33248388671875,-1.4247621297836304,-2.157440185546875,1.6346709728240967
1772045486533470000,5.342469970703125,-1.4532508850097656,-1.819414496421814,1.7407814264297485
1772045486543455700,5.352455810546875,-1.3731677532196045,-0.9462028741836548,1.583668828010559
1772045486553442000,5.362442138671875,-1.2539273500442505,0.07361890375614166,1.2091915607452393
1772045486563427800,5.372427734375,-1.1516672372817993,0.8342140316963196,0.6985461115837097
1772045486573412900,5.382412841796875,-1.1053502559661865,1.2202074527740479,0.174777090549469
1772045486583399000,5.39239892578125,-1.1372274160385132,1.2082624435424805,-0.27683377265930176
1772045486593385000,5.402385009765625,-1.191715121269226,0.8794156908988953,-0.5791146755218506
1772045486603371000,5.41237109375,-1.233270287513733,0.39753296971321106,-0.7176133990287781
1772045486613356800,5.422356689453125,-1.2637550830841064,0.033544350415468216,-0.7006769776344299
1772045486623343000,5.432343017578125,-1.228977918624878,-0.157329723238945,-0.5619936585426331
1772045486633329000,5.442328857421875,-1.1476702690124512,-0.18751300871372223,-0.32448089122772217
1772045486643314000,5.45231396484375,-1.0672595500946045,-0.12947607040405273,-0.02404540404677391
1772045486653299700,5.4622998046875,-0.998630166053772,-0.09062400460243225,0.2967696189880371
1772045486663286000,5.4722861328125,-0.9498347043991089,-0.1761370450258255,0.58899986743927
1772045486673271800,5.482271728515625,-0.9272116422653198,-0.4448148310184479,0.8320838809013367
1772045486683257900,5.4922578125,-0.9310183525085449,-0.8495258688926697,1.0219589471817017
1772045486693244000,5.502243896484375,-0.9561293721199036,-1.2932720184326172,1.1711230278015137
1772045486703229000,5.51222900390625,-0.9695379137992859,-1.6474757194519043,1.2479214668273926
1772045486713215000,5.522215087890625,-0.9496223330497742,-1.760276436805725,1.236285924911499
1772045486723200800,5.53220068359375,-0.8870585560798645,-1.5940691232681274,1.1335872411727905
1772045486733187000,5.54218701171875,-0.827038049697876,-1.2513999938964844,0.951844334602356
1772045486743172900,5.5521728515625,-0.8000556826591492,-0.8066563606262207,0.7376981973648071
1772045486753159000,5.562158935546875,-0.7994858622550964,-0.40388157963752747,0.5356438755989075
1772045486763145000,5.57214501953125,-0.7955805659294128,-0.13058748841285706,0.3572360873222351
1772045486773130000,5.5821298828125,-0.7912691831588745,-0.024054987356066704,0.2050548642873764
1772045486783115800,5.59211572265625,-0.8066369295120239,-0.07608996331691742,0.09698431938886642
1772045486793101800,5.602101806640625,-0.8359621167182922,-0.22930371761322021,0.038378458470106125
1772045486803088000,5.612087890625,-0.887596845626831,-0.4143531918525696,0.030382847413420677
1772045486813074000,5.622073974609375,-0.9658036231994629,-0.5958369374275208,0.03869226202368736
1772045486823059700,5.632059814453125,-1.0699526071548462,-0.7302677035331726,0.056505877524614334
1772045486833045000,5.642044921875,-1.1828399896621704,-0.7196976542472839,0.09178432077169418
1772045486843031000,5.652031005859375,-1.2850712537765503,-0.576457142829895,0.13871240615844727
1772045486853016800,5.662016845703125,-1.3540847301483154,-0.39702972769737244,0.2199593186378479
1772045486863003100,5.672003173828125,-1.364928126335144,-0.20752209424972534,0.3485367000102997
1772045486872989000,5.681989013671875,-1.325474500656128,-0.024602197110652924,0.4380693733692169
1772045486882975000,5.69197509765625,-1.2297834157943726,-0.013818792067468166,0.38347217440605164
1772045486892960800,5.701960693359375,-1.1253206729888916,-0.44510653614997864,0.07012281566858292
1772045486902947000,5.711947021484375,-1.1778942346572876,-1.2633142471313477,-0.4535398781299591
1772045486912932900,5.721932861328125,-1.3851993083953857,-2.2889516353607178,-1.0441017150878906
1772045486922918000,5.73191796875,-1.7704253196716309,-3.432924747467041,-1.7109849452972412
1772045486932904000,5.741904052734375,-2.2082407474517822,-4.161478042602539,-2.4071402549743652
1772045486942890000,5.751889892578125,-2.5428860187530518,-3.75994610786438,-2.84881329536438
1772045486952875800,5.761875732421875,-2.765460968017578,-2.3108134269714355,-2.912809133529663
1772045486962862000,5.771862060546875,-2.7711644172668457,-0.6230685710906982,-2.618220806121826
1772045486972847900,5.781847900390625,-2.5721566677093506,0.31176862120628357,-2.104600191116333
1772045486982833000,5.7918330078125,-2.3385190963745117,0.13317331671714783,-1.5122240781784058
1772045486992819000,5.80181884765625,-2.3233022689819336,-0.9408164024353027,-0.9858769178390503
1772045487002805000,5.811804931640625,-2.406893014907837,-2.1757454872131348,-0.5749703049659729
1772045487012791000,5.821791015625,-2.3996360301971436,-2.875774383544922,-0.38591256737709045
1772045487022776300,5.8317763671875,-2.3045365810394287,-2.8442041873931885,-0.4707970917224884
1772045487032762400,5.841762451171875,-2.150381326675415,-2.2968852519989014,-0.7619848251342773
1772045487042748400,5.85174853515625,-2.0300357341766357,-1.5071582794189453,-1.1447579860687256
1772045487052733400,5.8617333984375,-2.022721290588379,-0.731075644493103,-1.5160605907440186
1772045487062719200,5.87171923828125,-2.1150975227355957,-0.15772214531898499,-1.7636245489120483
1772045487072705500,5.88170556640625,-2.29728627204895,0.09823063760995865,-1.88014817237854
1772045487082691300,5.89169140625,-2.503002405166626,0.032187964767217636,-1.8715629577636719
1772045487092677400,5.901677490234375,-2.678054094314575,-0.24651643633842468,-1.789205551147461
1772045487102663200,5.9116630859375,-2.8079466819763184,-0.6498827934265137,-1.649490475654602
1772045487112649500,5.9216494140625,-2.8964242935180664,-1.1206573247909546,-1.4313933849334717
1772045487122634500,5.931634521484375,-2.952427387237549,-1.5128810405731201,-1.0918893814086914
1772045487132620300,5.941620361328125,-2.9824366569519043,-1.7449918985366821,-0.674934983253479
1772045487142606600,5.951606689453125,-3.0075106620788574,-1.9251552820205688,-0.2640411853790283
1772045487152592400,5.96159228515625,-2.9973578453063965,-2.0556490421295166,0.045204583555459976
1772045487162578400,5.971578369140625,-2.968571424484253,-2.110870838165283,0.18929651379585266
1772045487172564500,5.981564453125,-2.9110453128814697,-2.1418862342834473,0.15983712673187256
1772045487182550500,5.991550537109375,-2.8564364910125732,-2.147327423095703,0.006559433415532112
1772045487192535300,6.001535400390625,-2.8312461376190186,-2.180191993713379,-0.17452657222747803
1772045487202521300,6.011521240234375,-2.850708484649658,-2.1481475830078125,-0.3296588957309723
1772045487212507400,6.02150732421875,-2.946894884109497,-1.9714382886886597,-0.409695029258728
1772045487222493400,6.031493408203125,-3.089806079864502,-1.7673496007919312,-0.3804737627506256
1772045487232479200,6.041479248046875,-3.3206288814544678,-1.4501800537109375,-0.26254215836524963
1772045487242465500,6.051465576171875,-3.518690586090088,-1.2201143503189087,-0.06498569995164871
1772045487252451300,6.061451416015625,-3.573432683944702,-1.124832272529602,0.1396493911743164
1772045487262436400,6.071436279296875,-3.49958872795105,-1.1488540172576904,0.31318044662475586
1772045487272422400,6.08142236328125,-3.361952304840088,-0.5991760492324829,0.48910558223724365
1772045487282408400,6.091408447265625,-3.227876901626587,0.047722816467285156,0.8061463832855225
1772045487292394500,6.10139453125,-3.1331160068511963,0.4739026129245758,1.2737369537353516
1772045487302380300,6.11138037109375,-3.028087854385376,0.6629583239555359,1.75637948513031
1772045487312366600,6.12136669921875,-2.752523899078369,0.39226147532463074,1.7731887102127075
1772045487322352400,6.131352294921875,-2.4036262035369873,-0.014914263971149921,1.7800029516220093
1772045487332337400,6.14133740234375,-2.1451611518859863,0.014165980741381645,2.0439298152923584
1772045487342323200,6.1513232421875,-2.040717363357544,0.4192674160003662,2.3514461517333984
1772045487352309500,6.1613095703125,-2.0606648921966553,0.7861919403076172,2.7341556549072266
1772045487362295300,6.17129541015625,-2.0963563919067383,0.8013240098953247,3.1030938625335693
1772045487372281300,6.18128125,-2.1357715129852295,0.4059344530105591,3.2099287509918213
1772045487382267400,6.191267333984375,-2.1167099475860596,-0.2784574627876282,3.0180749893188477
1772045487392252400,6.20125244140625,-2.030308485031128,-1.0042434930801392,2.5265514850616455
1772045487402238500,6.211238525390625,-2.001467704772949,-1.6762588024139404,1.8183776140213013
1772045487412224300,6.221224365234375,-2.073700428009033,-2.0509417057037354,0.9722861647605896
1772045487422210600,6.23121044921875,-2.0474801063537598,-1.2184135913848877,0.19761547446250916
1772045487432196400,6.2411962890625,-1.8272098302841187,-0.061414722353219986,-0.24772508442401886
1772045487442182400,6.251182373046875,-1.5745341777801514,1.0799084901809692,-0.3588947653770447
1772045487452168400,6.26116845703125,-1.3839564323425293,1.2471939325332642,-0.40794074535369873
1772045487462153500,6.271153564453125,-1.265278697013855,0.33001646399497986,-0.4877101182937622
1772045487472139300,6.28113916015625,-1.1438043117523193,-0.8285160064697266,-0.48510658740997314
1772045487482125300,6.291125244140625,-1.051560640335083,-1.7241137027740479,-0.435989111661911
1772045487492111400,6.301111328125,-1.0308564901351929,-2.2536468505859375,-0.3662216365337372
1772045487502097400,6.311097412109375,-1.073291540145874,-2.425156593322754,-0.2895297706127167
1772045487512083200,6.321083251953125,-1.1466306447982788,-2.3037803173065186,-0.23155514895915985
1772045487522069500,6.331069580078125,-1.2329697608947754,-2.0508713722229004,-0.20191389322280884
1772045487532054500,6.341054443359375,-1.2623870372772217,-1.751975178718567,-0.21810723841190338
1772045487542040300,6.351040283203125,-1.2391376495361328,-1.5437260866165161,-0.2805421054363251
1772045487552026600,6.361026611328125,-1.1295517683029175,-1.3848953247070312,-0.34537816047668457
1772045487562012400,6.371012451171875,-0.9691834449768066,-1.3292616605758667,-0.3656165897846222
1772045487571998500,6.38099853515625,-0.7531542778015137,-1.3274744749069214,-0.41552919149398804
1772045487581984300,6.390984375,-0.6746799349784851,-1.1966866254806519,-0.4432750642299652
1772045487591970600,6.400970458984375,-0.7267177104949951,-1.0308101177215576,-0.5155841112136841
1772045487601955300,6.410955322265625,-0.8452814221382141,-0.7982860803604126,-0.5732522010803223
1772045487611941400,6.42094140625,-1.031954050064087,-0.5603780746459961,-0.567679762840271
1772045487621927400,6.430927490234375,-1.2726558446884155,-0.42978334426879883,-0.4820255637168884
1772045487631913500,6.44091357421875,-1.5417405366897583,-0.4208959937095642,-0.3159981966018677
1772045487641899300,6.450899169921875,-1.7800852060317993,-0.49771806597709656,-0.07479199022054672
1772045487651885600,6.460885498046875,-1.9338215589523315,-0.617273211479187,0.23152874410152435
1772045487661871400,6.470871337890625,-2.001997232437134,-0.7642895579338074,0.5606424808502197
1772045487671856400,6.4808564453125,-1.9943493604660034,-0.9036465287208557,0.8671634793281555
1772045487681842400,6.490842529296875,-1.9334700107574463,-1.0036892890930176,1.1155333518981934
1772045487691828500,6.500828369140625,-1.8520408868789673,-1.0324488878250122,1.2698692083358765
1772045487701814500,6.510814453125,-1.7928452491760254,-1.0467040538787842,1.297161340713501
1772045487711800300,6.52080029296875,-1.7797590494155884,-1.0526174306869507,1.2364295721054077
1772045487721786600,6.53078662109375,-1.799003005027771,-1.0270215272903442,1.1186445951461792
1772045487731771400,6.540771484375,-1.8211376667022705,-0.9551776647567749,0.9849847555160522
1772045487741757400,6.55075732421875,-1.8385683298110962,-0.8690864443778992,0.8486114740371704
1772045487751743200,6.5607431640625,-1.8346556425094604,-0.8201368451118469,0.7564759850502014
1772045487761729500,6.5707294921875,-1.8166406154632568,-0.8229368925094604,0.7107218503952026
1772045487771715300,6.58071533203125,-1.7762398719787598,-0.8649064302444458,0.6759695410728455
1772045487781701400,6.590701416015625,-1.728161096572876,-0.8893725872039795,0.6357113122940063
1772045487791687400,6.6006875,-1.6781142950057983,-0.8860622048377991,0.5713679790496826
1772045487801673500,6.610673583984375,-1.5885449647903442,-0.8195793628692627,0.5124228596687317
1772045487811658500,6.620658447265625,-1.4520446062088013,-0.662451446056366,0.4838346540927887
1772045487821644300,6.630644287109375,-1.3139687776565552,-0.4097702205181122,0.5138751268386841
1772045487831630600,6.640630615234375,-1.2478128671646118,-0.1471194177865982,0.6341186761856079
1772045487841616400,6.650616455078125,-1.2998327016830444,0.1063832938671112,0.9130426049232483
1772045487851602400,6.6606025390625,-1.3152085542678833,0.10182493925094604,1.229265570640564
1772045487861588500,6.67058837890625,-1.17707097530365,-0.004862087778747082,1.6598808765411377
1772045487871573500,6.680573486328125,-0.9859712719917297,-0.3345162570476532,2.1618683338165283
1772045487881559300,6.690559326171875,-0.7492234110832214,-0.9989469647407532,2.556018590927124
1772045487891545300,6.70054541015625,-0.5471625328063965,-2.2559168338775635,2.4372305870056152
1772045487901531400,6.710531494140625,-0.6669573783874512,-3.5638771057128906,1.7123925685882568
1772045487911517400,6.720517333984375,-1.0505175590515137,-4.005542755126953,0.7095236778259277
1772045487921503200,6.730503173828125,-1.3027102947235107,-3.470301628112793,-0.2936437726020813
1772045487931489500,6.740489501953125,-1.1866220235824585,-2.3182199001312256,-1.142314076423645
